sqft,num_rooms,age,house_prices
2374.5401188473625,5.0,1.8589100774549772,355533.931657978
2950.7143064099164,4.0,16.441721958534135,442709.87679764506
2731.993941811405,6.0,16.119085292972642,428475.7946891416
2598.6584841970366,2.0,33.711751673702366,402579.00393666513
2156.0186404424367,6.0,17.280892960303902,329316.58580953395
2155.9945203362026,2.0,21.24213380817688,336696.17126898724
2058.0836121681996,3.0,30.144536791876448,305575.25851064647
2866.1761457749353,2.0,39.072403896682715,419523.5903896705
2601.115011743209,5.0,17.796402119718174,394166.64895554766
2708.0725777960456,4.0,11.597293061915922,406187.90100312966
2020.5844942958024,3.0,7.2729755005039545,301478.6899866092
2969.9098521619944,2.0,3.6354889983431646,457858.6628877435
2832.442640800422,6.0,16.093097217100368,427320.58116868255
2212.339110678276,3.0,10.013960588694637,334936.9761547571
2181.8249672071006,3.0,20.0156899138793,324753.6901909406
2183.404509853434,2.0,21.04461975065222,337053.24646332994
2304.2422429595376,3.0,8.836165006178835,353070.1792071952
2524.7564316322378,6.0,8.688181851677694,388010.706969329
2431.945018642116,3.0,33.430267249256175,360972.02114743326
2291.229140198042,6.0,16.993519133761474,357535.0612041891
2611.8528947223795,2.0,7.728185270950605,410497.46400414914
2139.493860652042,4.0,16.814288818490695,330048.89173560805
2292.144648535218,3.0,70.591955434685,337996.5730708803
2366.361843293692,4.0,23.719670263751045,347843.8437596043
2456.069984217036,6.0,20.815117805103785,365581.1816107777
2785.1759613930135,3.0,8.475596738282606,412536.8899709153
2199.6737821583597,5.0,2.427810167762008,329562.97537191416
2514.2344384136118,4.0,33.67359547216552,384669.79828988516
2592.4145688620424,3.0,20.535591807574125,392527.77749103203
2046.4504127199978,4.0,25.19714496614164,309946.3668208468
2607.5448519014385,3.0,29.275084494741808,389747.95282205654
2170.5241236872916,2.0,13.435645471570197,325343.2286455954
2065.0515929852795,4.0,6.228815908844222,318110.3585003473
2948.8855372533335,5.0,26.770113063608186,423266.3537049101
2965.6320330745593,5.0,5.923573519762424,445158.6080819895
2808.397348116461,6.0,20.875786388771797,425065.7517584056
2304.6137691733707,3.0,9.095964629985742,353950.7750003781
2097.6721140063837,4.0,32.37824689497097,305721.70511496847
2684.233026512157,6.0,22.18629340183446,392971.4459543474
2440.152493739601,4.0,10.31859571075459,372371.9818810441
2122.038234844779,3.0,6.503025760503233,299606.30359696277
2495.17691011127,5.0,17.158885543206758,388363.1941905946
2034.3885211152183,2.0,30.339650784698726,308434.3876057518
2909.320402078782,5.0,31.26625573760624,453173.2601123799
2258.779981600017,6.0,34.236747161568864,329273.3758891545
2662.522284353982,2.0,20.45614216147847,395728.43223075924
2311.711076089411,6.0,41.33387681352802,324217.99444854865
2520.068021177811,3.0,21.06349870455468,370835.2105078555
2546.7102793432796,2.0,8.88209386616824,380534.5359102582
2184.854455525527,6.0,10.867765264313787,308727.1254866741
2969.5846277645587,3.0,36.28076335463358,442729.84894333885
2775.132823361115,5.0,8.861782112191495,396912.37519893056
2939.498941564189,3.0,7.89535145564114,438737.0999291834
2894.827350427649,4.0,45.17135433174627,447250.3624651821
2597.899978811085,3.0,20.829305315208856,390110.07847997785
2921.874235023117,3.0,20.909009522976415,455640.47926527483
2088.4925020519195,4.0,30.785113738576282,322260.3543538913
2195.982862419145,6.0,30.233564697791962,344085.9147898752
2045.2272889105382,6.0,16.334568117101924,299924.6779713109
2325.330330763264,3.0,38.943678439782744,342226.4436837571
2388.6772896894818,4.0,47.10229150456155,363370.7963624128
2271.349031773896,4.0,6.17578246301929,325310.60732364637
2828.7375091519293,5.0,23.28680566305091,429970.66804030177
2356.7533266935893,6.0,8.73015971693771,350835.7056300772
2280.934509687381,2.0,12.850334365563196,355925.6548595406
2542.6960831582483,6.0,6.598019951325538,388697.4756130711
2140.9242249747626,6.0,53.16072638464554,334000.51984115504
2802.19698075404,5.0,18.735743511034638,413599.5586044866
2074.550643679771,2.0,14.708661079173577,322205.95907195815
2986.8869366005174,5.0,19.138689032320052,463304.32610469003
2772.2447692966575,2.0,14.016253371220053,415970.06476183183
2198.7156815341723,3.0,18.52790238083309,323119.683107886
2005.5221171236024,2.0,24.2592936050036,294438.22436434636
2815.4614284548343,5.0,9.184337478757941,435234.8743127475
2706.857343847617,6.0,25.878343321888075,433948.40930103225
2729.0071680409874,2.0,12.070381159353314,399996.73593917646
2771.2703466859457,2.0,22.77729054770846,405888.6702188975
2074.04465173409,4.0,11.2528426720514,320858.42484701984
2358.4657285442727,6.0,29.77218431277642,347423.88951735775
2115.8690595251296,3.0,31.847358839406304,328669.3335362343
2863.1034258755935,5.0,16.862886608057668,434874.86221484724
2623.298126827558,3.0,67.53242942053672,395430.91888177017
2330.898024852649,6.0,21.90410434688026,355004.54220352066
2063.5583502860236,2.0,5.462702275742468,313599.6173027097
2310.9823217156622,2.0,28.76043474583905,345814.0963218627
2325.183322026747,6.0,50.00561574136003,333014.0564598679
2729.606178338064,2.0,11.212443111684992,411663.80732995056
2637.5574713552132,2.0,5.88164376164337,411640.673676773
2887.2127425763265,2.0,28.324926081312263,417943.97253684304
2472.2149251619494,5.0,16.374004299517523,361915.6087018885
2119.594245938302,5.0,18.989998160241804,323027.1065832126
2713.244787222995,4.0,19.622931046330102,408161.32464216196
2760.7850486168973,3.0,12.362242687820023,418750.44616901205
2561.2771975694964,6.0,13.586092047621554,377905.9803185765
2770.967179954561,6.0,13.878201486592326,427986.00590370497
2493.795596364391,6.0,17.43131362282512,375361.28452024545
2522.732829381994,4.0,31.92749973573463,386537.6046228017
2427.5410183585495,5.0,10.228371192265817,367890.7779992614
2025.4191267440951,4.0,37.5801754179003,306895.2239537612
2107.8914269933043,6.0,14.764303878194475,323194.97973562276
2031.4291856867342,3.0,35.29303077730463,307788.04831599875
2636.4104112637806,2.0,60.10930641301934,385462.8506010026
2314.3559810763268,5.0,15.581104275379861,358744.3985468701
2508.570691164703,5.0,19.140533116022283,385291.0925306679
2907.566473926093,4.0,7.364620918566293,415487.4058028928
2249.292229148875,5.0,19.513679745037724,331687.2419159256
2410.3829230356296,6.0,24.783395993337592,373024.5449600726
2755.5511385430486,6.0,25.913882472298457,396140.8017908479
2228.7981654916225,4.0,9.022116822285668,344226.05714741943
2076.979909828793,6.0,26.86119429893136,311240.59694674436
2289.751452913768,3.0,10.991159294947353,357345.2784192535
2161.2212872540044,4.0,48.791013450127224,325835.4556008498
2929.697652342573,3.0,22.983021444581908,433073.45856476715
2808.120379564417,2.0,18.12455423348185,424942.65016925836
2633.4037565104236,3.0,43.99022861207635,396176.41543982597
2871.4605901877176,2.0,20.52480252079018,423326.3212623745
2803.6720768991145,2.0,25.845427187635202,443609.60918061004
2186.570058886036,3.0,12.655897795635324,318804.2039509313
2892.558998489978,4.0,6.957849176369997,411863.03149818984
2539.3422419156504,6.0,27.548602596203914,397844.7840464486
2807.4401551640626,6.0,48.877813555658435,417046.72295811994
2896.0912999234934,2.0,14.520125563460548,431981.5661457709
2318.003474971864,2.0,14.058851914180007,344643.2261569146
2110.051924527677,4.0,9.204130377147019,311287.3982488827
2227.9351625419417,5.0,17.199458110671316,327294.3334119769
2427.1077886262565,3.0,30.18919179010824,355153.67102267203
2818.014765922493,2.0,30.443426344137155,424363.11529574374
2860.7305832563434,6.0,7.9892848831097805,425629.3904581884
2006.9521305311907,4.0,24.330377009156788,309276.3527932927
2510.7473025775657,3.0,47.583702636583915,383016.54698189395
2417.411003148779,4.0,23.06746382684657,354228.5524518682
2222.1078104707303,3.0,14.43545565815917,334984.44800107786
2119.865367333683,3.0,10.191179093400104,314257.15723164094
2337.6151714036278,2.0,11.829951076168902,341180.56981649256
2942.909703912519,4.0,38.6243829387536,449689.5027801918
2323.2029320207553,4.0,16.078692008220127,347949.5477702762
2518.790621743366,6.0,8.7134648333052,374304.49700479925
2703.018958895178,6.0,14.558026030479564,397633.9122509583
2363.629602379294,2.0,9.911773286486746,344662.42594475526
2971.7820827209607,2.0,35.22200376340392,466811.6527601917
2962.4472949421115,5.0,5.44207614467209,448121.54302195687
2251.782295825364,6.0,35.50895898657568,328221.3227713737
2497.2485058923853,3.0,4.523956492653067,377751.65356186556
2300.8783098167696,4.0,40.66153721857469,357171.7543570281
2284.8404943774676,2.0,76.79440820412685,346805.08252804435
2036.8869473545328,4.0,20.13984089765363,320077.4507514408
2609.564333979897,4.0,29.93410704080781,377104.5418875092
2502.6790232288613,5.0,26.122183952754213,356522.2985291097
2051.4787512499893,6.0,22.454455103596484,311300.62055914383
2278.6464642366113,2.0,11.59854266188503,345009.8873490871
2908.2658859666535,4.0,7.401340857494187,403266.9213381804
2239.5618906669724,2.0,17.142747612683443,330312.80511640623
2144.894872091223,3.0,8.8319764717127,312062.56696400035
2489.452760277563,5.0,22.814361209598726,360432.8824708908
2985.6504541106005,3.0,11.77586539327546,438240.42643229023
2242.0552715115005,2.0,6.134658405778191,342550.208494892
2672.1355474058787,2.0,24.72474761053163,391488.02432630066
2761.6196153287174,6.0,14.80845612480208,405155.97463723324
2237.6375439923995,4.0,5.729325395605908,319829.4582721513
2728.2163486118598,4.0,35.9259579455645,423199.3274553042
2367.7831327192534,3.0,18.583840375717298,360221.3087738659
2632.3058305935792,5.0,35.06302219783188,371224.2032259428
2633.529710760895,4.0,21.01395345310142,386037.4744254954
2535.7746840747586,6.0,12.414615912099784,386323.81993252604
2090.289770054408,3.0,9.455580530083274,326791.05841389205
2835.302495589238,3.0,26.823647357776146,434658.47135278553
2320.780064971736,6.0,47.58120249240995,346287.6167179539
2186.518510399854,5.0,25.213633919338346,309670.4169696279
2040.7751415547639,6.0,12.116293830456607,315482.2499872414
2590.8929431882416,5.0,21.807100542013643,386569.1859812916
2677.5643618422823,6.0,8.363969548433376,402874.19350894605
2016.5878289278562,6.0,25.05373331638993,301765.58195658517
2512.093058299281,2.0,31.56856751796852,364305.7207746685
2226.4957751979377,3.0,13.246587654173545,338164.26603154576
2645.1727904094496,6.0,44.46332001890094,400674.4084731189
2174.3664290049915,6.0,11.856499258346393,322552.7708993511
2690.937738102466,4.0,21.581870080879227,409199.1748164212
2386.7353463005375,3.0,29.281928999435443,345298.7643408306
2936.7299887367344,4.0,13.233516783975471,438416.47605519835
2137.5209441459933,3.0,6.864860548110766,321245.3621677002
2341.0663510502586,4.0,8.150983840672664,334255.2058514084
2113.473521240589,6.0,14.046239361743572,317171.4492585801
2924.693618278563,6.0,13.25116363792644,446738.0291177353
2877.3393533809813,2.0,17.455854509924002,429192.26940201625
2257.941627715156,4.0,25.66978300050784,339320.1886221452
2659.9840460341793,5.0,31.89672469516097,405827.9490383234
2817.222200201216,2.0,34.26254449757312,419833.2052764469
2555.200811599462,4.0,60.81909150465448,382326.7204896161
2529.6505783560065,4.0,9.51776710407791,368166.08462119865
2241.852290900452,2.0,61.86720577769106,338084.4920351908
2093.102767805899,6.0,16.16652266200873,311401.9260146973
2897.215757953327,4.0,15.000604456203341,440223.27977721835
2900.4180571633306,6.0,30.84157248150025,441922.555290777
2633.101457273268,2.0,11.49987946309331,403322.3053650118
2339.0297910487006,6.0,27.644154786091146,346901.18979193654
2349.209574612661,3.0,46.19222274406846,332151.3920179801
2725.9556788702394,5.0,13.468504153504288,416963.8044197888
2897.110259952577,4.0,30.169410276184763,439982.83094214613
2887.0864242651173,5.0,25.977734572297372,427739.3796300756
2779.875545857624,6.0,66.95006656277678,424839.2358712003
2642.031646154288,4.0,4.25465523350327,382146.4885549859
2084.139964995049,6.0,12.049770132348641,323584.88998193055
2161.6287140946138,3.0,6.321061592728404,321247.6934440334
2898.554188527079,2.0,30.014205490117014,427494.2783137164
2606.42905965959,4.0,20.122573146251064,385551.0205809372
2009.1970516166296,3.0,50.90167265506664,300741.75806214433
2101.471542866032,3.0,6.983049132091985,315460.10217087297
2663.5017691080557,4.0,16.287283335837138,400696.6866702775
2005.0615838462186,6.0,43.83568552514713,298078.23370310594
2160.8080514174985,3.0,14.401309563815547,326705.64273415407
2548.7337893665863,5.0,13.408643568655386,383045.12045538187
2691.8951976926933,3.0,11.9837330722185,397818.06169032655
2651.9612595026006,6.0,8.569053912559129,390369.3542985542
2224.2693094605597,6.0,8.306091452337549,340273.2345916024
2712.179221347536,5.0,10.842661118987806,412645.4233956791
2237.2490874968003,3.0,4.602000765010971,336446.78669908305
2325.3996981592677,6.0,19.075351853571092,358924.16993939935
2746.491405118024,4.0,12.310004452392313,392929.73433959903
2649.632899047215,2.0,1.739598006250295,391953.1763822027
2849.223410494178,2.0,4.674491563117218,416060.5751976738
2657.6128923003434,2.0,1.7145929370591224,421356.0942845418
2568.3086033354716,3.0,5.081269884970528,392680.9268008297
2093.6747678280926,5.0,37.55387257324382,314637.21151482844
2367.7158030594337,6.0,19.27970159401565,363885.6672951971
2265.2023676817253,4.0,12.157023238219463,351507.8224869565
2243.9896433790836,4.0,29.81578237398719,348749.23689332284
2973.0105547524454,3.0,12.084233956378757,455681.1450825617
2393.0977246667603,2.0,5.646373096546764,356608.64666008984
2892.046555177113,3.0,11.236999739217547,429280.43907390395
2631.138625997263,5.0,31.295978437087044,386237.78145289514
2794.811303541648,5.0,20.318328622544637,425105.71805721364
2502.637093105192,6.0,34.042990349128345,375127.49632296484
2576.9038846263593,6.0,16.853130539270765,383156.46630496
2492.517693818864,5.0,11.148656826206285,369755.5001603378
2195.2429877980444,5.0,45.01875871008486,345388.93723735615
2722.4521152615052,5.0,10.08385464272022,418447.13705692405
2280.772362440856,3.0,31.0616049080421,361501.6410746513
2024.315966431454,5.0,6.69425393493029,309388.38558168703
2645.472295907168,4.0,30.476468790727175,398504.682852346
2177.110679407049,2.0,25.57440257758236,327179.80948093557
2940.4585843529144,5.0,30.626386479804996,432034.5637747166
2953.928577002587,2.0,6.448280823980765,430768.54505759355
2914.8643902204485,3.0,20.290143753947373,443061.77306461445
2370.1587002554443,2.0,9.174766855560554,346552.26093915093
2015.4566165288675,3.0,4.048698182412123,304704.5309634748
2928.3185625877254,4.0,8.567599767260834,450859.47921212873
2428.1841483173143,3.0,41.41243456571878,358965.4559542597
2966.6548190436697,3.0,41.337579515191734,466493.166587922
2963.6199770892526,6.0,6.851284296312031,435141.5838828363
2853.00945546736,5.0,17.754648653415202,438636.00534460496
2294.448892069586,5.0,24.20355498974868,349391.00227145397
2385.097728601925,4.0,7.284840202889472,370124.156995837
2851.136671516857,4.0,25.971149891762416,417487.65911068453
2316.922005156278,5.0,32.54003421394737,371834.7109693962
2169.4927466860927,6.0,15.377459524326992,324397.4849508146
2556.8012624583503,5.0,9.582260053945035,390824.13656336366
2936.154774160781,6.0,15.512234945855049,455633.4580619578
2696.029796674973,4.0,4.906552386362339,398705.0453978846
2570.061170089365,2.0,35.186308467503764,394922.0283969017
2097.1764937707685,4.0,13.700870224359683,307472.80372013117
2615.0072266991697,4.0,36.66763467899655,407520.72884982376
2990.0538501042633,3.0,19.422043437382275,441638.93150647363
2140.084015236524,3.0,8.320264594495615,321797.28004827106
2518.329652363737,3.0,2.451889091663101,381034.21153742995
2877.3730719279556,3.0,16.67648016604604,440099.2528914009
2740.7686177542046,6.0,13.591176943387621,431507.7910556978
2697.015740995268,5.0,24.157675437808045,401007.40151627955
2702.4840839871094,2.0,7.594808897173178,417087.8046077176
2359.491151219755,4.0,15.751000061129647,374298.7871711385
2293.5918442644934,6.0,23.866212879000607,346712.0966346932
2809.361155478514,2.0,23.95962791083162,416721.6346578991
2810.1133946791806,6.0,41.323005312828464,405756.361966909
2867.0723185801035,6.0,38.94649762921141,450362.0003900025
2913.2405525564714,4.0,19.143484766866635,435315.94412723306
2511.342398860938,5.0,18.03012894677298,367478.6787052384
2501.5162946871997,3.0,23.669354289836377,362504.22398967744
2798.295178966775,5.0,3.678506383602521,410072.4901326239
2649.963930777765,4.0,5.076051868763789,407043.9241049994
2701.9668772577033,4.0,7.142907358362408,416288.00408615376
2795.7926694361013,4.0,17.20627341527207,426606.3073324287
2890.005341817566,2.0,12.258029620480958,435291.92043478304
2337.9951568515357,5.0,8.830965974209075,338758.9966119433
2375.582952639944,5.0,18.92343911786557,349855.73661050707
2093.981939840869,6.0,80.001542420086,305731.14314192015
2578.280140996174,6.0,3.53496199389023,392876.28006450547
2035.942273796742,6.0,12.675687091410191,295438.4868936366
2465.5980181324603,4.0,34.60570347667366,363935.41271363327
2542.6446347075766,5.0,18.063469995674197,380353.72687602165
2286.541252128284,4.0,5.761940928777644,326656.0445161425
2590.8332605690107,2.0,19.970805722651356,389791.82756543957
2030.5002499390494,6.0,39.80378330040085,304997.6221795141
2037.3481887492144,4.0,11.796098646665374,317998.20273139904
2822.600560659658,4.0,26.07346201948648,416173.6325091958
2360.1906414112627,2.0,7.464244776109487,341360.5683718493
2127.060512651885,3.0,6.47265905524687,315662.66017352726
2522.2432600548045,5.0,10.21787014965113,367912.11217835004
2769.993553098611,3.0,24.257345357394588,416768.2992436447
2215.8210274968433,6.0,49.711903754623705,315565.16261889914
2622.890475819,4.0,47.0557736282637,388991.79054792516
2085.347464993768,2.0,10.351941500997528,303928.9612958729
2051.6817211686075,2.0,18.662803750390193,314089.71305866353
2531.354631568148,5.0,17.91029691923781,372384.8565465457
2540.6351216101066,3.0,27.61065882239972,364712.6304202029
2637.4299014982066,5.0,3.1212581831618222,393939.92200088035
2726.0913337226616,4.0,16.672180358089985,412812.726871887
2975.8520794625347,5.0,3.501023662028853,444020.7906966338
2516.3003483011953,2.0,57.247026457075194,373149.23524670047
2322.956472941246,2.0,42.17422888991119,343093.07680204156
2795.186194768704,6.0,9.071743583523919,420979.56184723164
2270.8322512620744,6.0,62.45290384785704,333903.9373123513
2438.971420705636,4.0,6.674707052486182,362961.1246033146
2078.456381342266,3.0,19.861649535735623,320018.7723962857
2025.3507434154576,5.0,17.56708184021257,291566.39317846857
2962.648414677925,4.0,5.42017342512595,444323.1972070398
2835.9801205122058,6.0,33.448171447011525,408810.5690922712
2695.974206093698,5.0,31.91051813456513,407882.7431581912
2408.95294441427,6.0,30.071100319386687,352756.9825637315
2173.294320070846,5.0,18.707498185202425,337001.2910864909
2156.437042671086,3.0,35.849167514019165,309921.55832963006
2250.2428981645953,4.0,11.734580444703798,342509.26250604045
2549.2266647061206,5.0,34.48593368642347,395879.88850177574
2714.595922700062,2.0,16.119826318246396,397466.08918035205
2660.1973767177315,2.0,13.47521572963059,390915.01368959923
2279.9338969459427,5.0,24.447342726569765,333531.5483799225
2954.865280663194,5.0,24.76053509118792,439363.9812681717
2737.8969166957686,5.0,14.955584923916424,416557.42304397747
2554.354052511401,2.0,8.749592607594822,377840.5463160667
2611.720746234352,2.0,24.505692029576327,381383.70044397656
2419.60006242779,5.0,3.3546349542789264,343103.111346964
2247.7309895011576,6.0,10.027407537019966,353779.94571640826
2355.9726786512615,6.0,22.394050875862305,371172.6796281116
2757.8461104643693,3.0,6.690682221579798,419630.0074311874
2014.393488629756,4.0,16.761217513447924,294758.02287561697
2116.0726405069163,6.0,23.80128942363919,325901.95591006306
2046.0026420217528,2.0,13.661601902062177,316897.31353525544
2040.72880231897,6.0,12.312783880055491,304236.22255011986
2855.460584011007,3.0,10.184287195209773,429188.3016574963
2703.6578593800236,3.0,19.98895949011544,418616.02998660196
2474.1738290873254,4.0,38.512564940021974,356076.8377407354
2097.8341606510016,6.0,12.950701927581243,325347.8733866994
2491.6158751168323,2.0,5.429664053772303,370913.7330755729
2473.4717707805657,2.0,28.04030003261208,360836.19159795274
2173.2018699100154,5.0,23.47809956592301,316631.5587405367
2433.851649237973,2.0,60.6773868248346,358350.84764525015
2398.5047343973733,4.0,30.617985008046265,348793.5425088354
2615.8500980522167,4.0,9.596364976421006,410579.29540101526
2635.0936508676436,2.0,7.5637790963261,400502.99038804637
2045.3040097720445,2.0,10.203951601400922,317846.54754993436
2374.6126146264714,5.0,46.93365431820124,363473.58473968355
2625.859915714236,2.0,25.92803277053337,395369.10442495317
2503.1362585800875,5.0,30.50548081272818,377383.1564450513
2856.4898411883223,5.0,28.55824900671037,425605.097259351
2658.693631618945,2.0,32.791761215930904,396729.97381491796
2162.93442708143,3.0,8.039804964257037,310750.3244730133
2070.56874740043,3.0,15.573400740096092,322020.77564267
2642.4192782063155,5.0,19.673520294129684,379070.76447974076
2026.511310541622,2.0,31.388371737923453,294432.24182808906
2585.775581273463,3.0,19.698602177476403,408727.6365659498
2940.2302414249575,2.0,26.731227459566504,443298.2018681789
2575.474177875879,2.0,15.571218322514788,388665.36768135923
2388.1699262065217,2.0,18.69874332373617,365259.83670836757
2643.2882184423534,6.0,11.480568494758886,381734.2748899818
2458.2528904915166,2.0,8.985283706084214,355169.5584202098
2545.616789315935,6.0,23.547363260713706,378399.99582972325
2941.4648087765254,5.0,11.24484461590912,432773.4570794792
2386.102637800774,3.0,9.08167387968032,357588.28623641253
2961.190563823914,3.0,12.911245630279986,449571.4148955169
2905.3506419560636,3.0,17.280178677249285,450362.632132433
2195.7911347892964,3.0,21.6699449669868,338279.65196529997
2069.3613008751654,3.0,9.053181370917649,300883.0234555128
2100.778001377427,3.0,14.236025519188257,311944.1401927117
2018.2218256515498,3.0,22.261053364930525,297081.6537361842
2094.442960755928,5.0,9.07438759720602,304523.0669511819
2683.0067734163567,2.0,43.47032341269296,391413.374588056
2071.188648460229,4.0,37.34523786644567,328641.77828227315
2318.9756302937612,6.0,26.214714371078017,349039.208407523
2844.8753109694544,4.0,27.95024832932252,425527.5020292503
2023.2719357358258,4.0,15.632893657340366,309002.3528360371
2814.468482588936,2.0,13.614733751082897,428016.1754382886
2281.8547747734,2.0,58.07321759645332,355308.66928096785
2118.164827621656,2.0,19.174882164725858,310963.3544745225
2696.7371653641508,3.0,13.968128934939948,409106.840841399
2628.942846779884,5.0,8.34386769046333,385730.0032841882
2877.4720135270527,3.0,19.009718852910442,430439.514157258
2735.071043803886,5.0,20.050511023449978,411679.59757290693
2803.4809303848488,5.0,18.752295065440883,422879.54836688115
2282.0345725713064,4.0,27.704582292809008,344439.5344129522
2177.439543779723,4.0,14.35686420289454,335264.94731849444
2750.6147516408582,5.0,43.34598982053782,408172.70853098715
2806.834739267264,5.0,11.518142432212569,423437.49789209076
2990.5051420006735,3.0,12.587233742772032,441514.3399171802
2412.6176769114263,3.0,13.693566193076489,391660.98418136506
2372.018085792783,4.0,15.31223657606733,347333.43678856315
2776.412960741997,2.0,10.237462226897305,409862.5414346609
2340.8035402530177,5.0,3.2443853669622613,360294.34336909273
2930.757325603565,3.0,9.948578530681738,435767.4047614436
2858.412751843012,4.0,27.17226327278164,438607.5419516455
2428.9940273750185,3.0,6.3177531625303,366218.86263838754
2750.8710677914974,5.0,26.520304372113838,409644.3766343501
2754.5428740846824,5.0,58.855702139615744,407669.54868564307
2103.1238688359326,6.0,39.842949657809804,309075.5031987555
2902.5529066795666,2.0,20.09614961747739,432162.61046533193
2505.252372447857,6.0,12.287016601587608,374712.5031817782
2826.4574661077418,4.0,13.043322526972728,416241.1071577317
2320.049601030612,3.0,19.6810020070977,347655.54591293924
2895.5232284962003,4.0,27.294783608882717,424406.17485601647
2389.201678734163,5.0,31.207083170433453,367125.47647120105
2010.8376514802983,6.0,52.62766100785142,312978.1015468799
2905.3819764192635,6.0,62.949731647860844,430952.53651024005
2091.2866767861337,6.0,23.904554193636603,307108.4075925769
2319.313637590415,4.0,10.419672033704106,350188.8038696721
2950.061967050805,5.0,27.189429407497077,456228.6388701613
2950.607146937556,3.0,6.874689021553153,457813.94935381174
2573.437888123286,3.0,8.242768210892645,372385.539032457
2631.8372121697994,4.0,36.77167922037438,406141.7804985964
2448.44552197832,6.0,25.280736389841667,367709.7170090913
2293.2107716980645,2.0,21.86305388606087,344315.6103666862
2328.664545369916,4.0,51.86944668019724,356102.888862399
2672.5184560770385,4.0,24.170996442519606,396993.3236006702
2752.37452943768,5.0,20.362665877505442,424684.0657130602
2791.5790437258484,3.0,16.39967553586404,433618.46954265126
2789.618142794554,4.0,11.585146577899327,433603.1185918724
2091.2061030486902,4.0,24.2677729922697,296169.8007644188
2494.4203047025812,6.0,15.829785977749863,372641.3665974354
2057.558760016644,6.0,5.843749599067103,289756.82064239105
2549.5288823237356,2.0,20.265464282728885,375484.4956576088
2441.530501373377,5.0,16.933958463519893,343012.60524861555
2887.7041827583,2.0,36.77974311565469,438861.6860536095
2350.9150125520787,6.0,1.9630601636891805,355189.2400435242
2117.0670164276057,3.0,26.644467500052947,314183.37542357476
2142.991682052836,6.0,17.289546619594336,314355.9576010102
2761.5106317174723,5.0,4.786720375772354,417760.5126124307
2618.218063316261,6.0,19.28009844279203,383496.89173701196
2101.1226761227904,5.0,11.953873812769963,304982.3964851284
2084.1068061149977,5.0,11.313600067456594,301181.2668999263
2700.96913145912,5.0,25.573866809534817,404124.1764157675
2072.7630063641936,5.0,29.518189055457977,306226.92093096516
2821.8600592903563,5.0,25.420928256235452,420449.2565566038
2706.2422271564965,3.0,16.14433105178209,411788.75140521524
2081.3487806419,2.0,23.50286710615704,322640.3691580646
2084.8377140851917,4.0,25.467433100262376,328194.4879547455
2986.6395785011755,2.0,45.14962893874314,450051.79542302154
2374.27079575612,5.0,14.978183712136465,360315.8559004098
2370.642147066891,3.0,21.93766617225625,358292.9156165105
2812.7995672575025,6.0,35.32664277674626,406537.8773837887
2947.248577383859,3.0,32.088562654876554,439502.9729275143
2986.001063822871,5.0,2.554255790325053,444575.8050197338
2753.378185258942,3.0,12.107866130503721,408411.8355150603
2376.259585530916,3.0,24.477834050258735,356913.87956495676
2083.500716698669,5.0,8.966990569830132,310849.3116897519
2777.1469159274366,3.0,9.179028161356449,407134.14059470565
2558.404249735805,4.0,17.573887170322642,382977.59453700995
2424.222009246976,4.0,26.934288424410408,358250.8260689284
2906.3543850947362,3.0,9.898009802942404,410207.6707891298
2111.1974823061514,6.0,20.989225161094033,303638.6098976509
2492.6251042908593,5.0,3.924568231214202,375150.64594869607
2011.3536447674192,4.0,12.785177955731614,313205.51519532595
2468.6606419941263,6.0,39.45289568347329,347510.6505928405
2056.3032756818375,3.0,3.1496212375285135,299986.0636518649
2118.8179162680717,6.0,24.780199327469532,323180.63175998244
2117.526246777105,2.0,27.677952612590584,327341.23023247515
2649.2103021160638,4.0,24.039579381817667,394101.5970831039
2746.0448792654233,3.0,8.808354426472148,405493.15893839695
2583.3687650971597,5.0,24.856066723937456,400698.10426519404
2962.172548474542,3.0,50.7113404271511,453958.14954398153
2374.8705795237042,5.0,15.42837565917608,365529.6221790911
2285.7120862818606,3.0,20.006146556535278,338926.35731406766
2868.5991281894603,6.0,13.911374388660114,442144.15283691563
2223.5958385194526,6.0,36.3494644412305,315479.1723825177
2963.2225394406114,6.0,19.161846191617595,456670.5372184304
2012.1544746898164,2.0,33.85369834437957,302273.46061938495
2969.878826707639,5.0,29.273497521797395,447899.3708442779
2043.159911950576,6.0,4.2588943581229515,297449.22704255534
2891.143113698071,2.0,5.308638337582615,415790.4627237566
2527.7011090862998,5.0,8.303213308993158,380731.3042401321
2992.9647961193004,3.0,10.578328668829133,454926.0147738739
2073.796564735399,2.0,38.751513044047776,319358.9539498189
2553.854284401321,4.0,11.017377386152045,389556.4499400286
2969.302535619099,2.0,17.044445486649785,449688.330657999
2523.097844170149,2.0,33.24599904177898,370324.1922348462
2629.3986381352624,5.0,2.32520446914695,402404.3125795641
2695.7486889846173,3.0,15.525258874814249,394621.83763918374
2454.541064767773,4.0,11.504750687558388,379796.9445964441
2627.5580800840635,6.0,34.094376715987956,394616.72462602746
2584.3143119231004,6.0,15.655280882529615,387909.7130162861
2901.158010490989,2.0,36.431784355641504,445025.92128736863
2045.4463803414578,5.0,8.483482516842674,317336.1477820653
2280.9631895922303,5.0,26.521797491388977,350896.5191530776
2950.4114840765587,6.0,42.98576399250692,435946.7170357024
2890.2637838909163,4.0,8.894416442479333,441633.0955812973
2455.656752785713,3.0,8.36102833741644,360601.4476682749
2620.1325978015366,4.0,28.5320418014789,401954.86494155147
2277.3811829811325,3.0,9.728728781613828,327797.4073499957
2188.121159723761,6.0,5.944059085399079,327759.69511174253
2463.698404939982,3.0,3.5576209420280605,361602.5779742015
2353.3522280260527,5.0,19.44688065923135,362535.59714816516
2583.656111850872,2.0,3.74808522982228,398912.5270754156
2077.734636964985,2.0,14.154214470202824,314174.7871167732
2974.3948076661663,6.0,19.987471340286703,448719.9367295124
2986.210744479603,5.0,7.390453469046981,455445.0965008232
2698.161714019745,4.0,6.44363468971703,416328.71494314447
2536.0963663441203,5.0,15.437396862890404,381500.68860412634
2309.527616286328,2.0,14.368788919619188,341963.45286105794
2813.7950197069486,2.0,20.67674484252193,429262.23016572284
2684.7311725538793,5.0,15.1586222745414,384827.16084038146
2162.6169393448913,5.0,16.805636649315748,334243.22539680137
2910.9271844938426,2.0,27.401407835326083,430459.25041471905
2822.537242923169,4.0,7.025990843333389,421389.08750105085
2949.799913291924,6.0,29.11353015870328,452803.90612973284
2725.71950838836,6.0,37.16554484382374,406117.79743967176
2613.4151959357896,5.0,15.415171126304529,399198.82330990565
2418.243036290619,6.0,2.9923558993533685,374515.31366131763
2932.7284833540134,2.0,13.026468770555606,441500.3974666937
2866.0638895004085,2.0,21.845162213302476,433779.4198497075
2045.2186701061894,5.0,18.37251271338004,306389.6171578926
2026.366974497252,5.0,91.061039179632,308092.8573206139
2376.46336687805,5.0,2.0480865638041985,345616.89982912125
2810.5533307818328,4.0,41.86982778825938,420101.71358534193
2987.2761293149442,6.0,23.706745776611548,436220.56570071477
2150.416891103528,5.0,14.053490517962242,314246.46613579406
2594.130715352135,3.0,4.8863281560324126,369386.70694077964
2380.8908566310215,3.0,34.50266991237693,360957.99012707337
2969.914397814603,2.0,15.156023466590714,462957.8620299623
2842.1189231357084,6.0,12.301465721452102,422425.82509059407
2838.328704711138,5.0,18.01837824796244,436191.19295983337
2468.69315979497,3.0,19.016571278382997,382281.39926776616
2414.819502337665,6.0,6.31538180813431,350721.01446141116
2273.4070719307065,2.0,12.661587071485657,331652.96922484227
2056.3754966509273,4.0,34.382446957562244,319595.778789888
2864.722376255053,6.0,15.385567012937546,429546.50981872756
2812.9010091300775,6.0,10.39509718275321,409639.11562348827
2999.717673286131,4.0,14.831796101352262,444234.00900667417
2996.6368370739056,6.0,19.88525094356519,454588.68553751346
2555.4317056026275,2.0,17.149030388717996,375989.8600110073
2768.9874151805107,2.0,21.31011930700599,388342.0472019428
2944.765729882428,4.0,13.433722741574663,439097.7393925331
2849.6473906774113,5.0,17.31683169952148,425806.6816140454
2247.3481017431977,3.0,14.44901477230271,337777.950046092
2450.5441353100937,5.0,23.196956459652153,381116.36272319895
2129.159415151495,6.0,18.171646286523416,320754.28964031045
2954.0510272587226,3.0,5.625150317100059,445855.78214257845
2606.17463445088,4.0,22.98370960897084,402371.07619239535
2228.6428055034626,4.0,23.234853398326173,335296.9065858268
2671.700684405857,3.0,73.65776446507661,424480.04304773186
2618.128240457896,2.0,55.39024195041589,381843.86038740684
2358.1627180328405,3.0,24.81443642093588,345277.36366647575
2113.557592199629,6.0,16.205867380805543,323959.39893407666
2671.5731955927995,2.0,9.966033294853768,413678.0956671519
2520.3077009037934,4.0,19.190649648409092,376813.924656335
2772.318391735639,3.0,8.723399611448507,406153.24904079526
2520.1635011119934,5.0,34.35349446480926,396915.02585299686
2852.18150031854,5.0,2.866561599736027,420239.53294773
2551.9068387744855,6.0,29.86247333812075,387372.44452764624
2560.937971535386,5.0,76.09253120555461,399814.98977995245
2876.653602658345,3.0,63.84922263264981,429147.464843521
2403.482866212397,3.0,7.963813316425568,354690.0659587852
2134.0152284506407,5.0,5.108733266589348,314968.6688452971
2028.782676313339,3.0,43.79152887269455,314796.6598789294
2755.137255673619,6.0,27.0417158623259,424983.3168789393
2620.3095513534645,2.0,15.651093199862588,393953.21941663686
2704.0797680992237,6.0,28.84028498046831,425607.99629499495
2212.964161508911,6.0,8.580242337949505,332821.6970891764
2136.37147558677,3.0,27.480111916310662,334353.4568371865
2014.5446656678819,2.0,7.001017359850155,298171.71432846837
2350.587558806597,3.0,28.94329923240266,376943.99813501723
2589.917686854633,4.0,13.836754344913679,404804.06981433945
2392.2440450997324,3.0,21.266701263657872,358344.8614475844
2437.474922023729,3.0,21.80437207569034,380770.77155300014
2904.1586944937485,3.0,58.092179071710525,451356.37445793377
2348.2554670233003,2.0,25.651528290886255,368638.27666514815
2513.9894891598105,3.0,35.4273504945676,353491.38053160557
2783.6530127411434,2.0,25.19659813586241,425597.36434815574
2396.5427823212704,5.0,16.727889076827793,365656.2417135528
2622.0867002278737,4.0,14.731914324130924,398665.6952733395
2862.363708746745,2.0,14.684762685068323,432078.56352654274
2949.5206236576423,5.0,28.395370972556584,446008.0674729683
2147.073480929038,2.0,47.917915417605656,336429.96265486465
2926.5876251614945,2.0,48.91807326561846,445950.41970912647
2492.116293079538,4.0,14.411402498817907,376618.85047421884
2258.2443882989583,6.0,32.049685335449034,351391.95895326335
2459.1357562382614,6.0,12.263939153907055,373718.5433944751
2980.032575285477,2.0,41.314222374655664,453479.99723759503
2492.6180939928695,3.0,13.084123869382422,393105.6089031242
2328.7516102875084,5.0,44.753650153079406,346560.54392222216
2633.4008543167256,3.0,31.2896987524861,380941.715726071
2240.1456187781932,3.0,13.13400230828342,337289.49799588544
2075.863328108664,2.0,34.18313515172178,314650.4267204209
2128.879721910649,2.0,14.789544753642641,327090.9349237786
2128.0458389577725,2.0,105.13942778139202,323534.21782372723
2151.9026935122943,2.0,16.993066337724052,330946.3884567014
2138.82717264941,6.0,17.701358309145732,346701.28344940156
2640.8747448032145,2.0,23.329423183120966,404946.2376047459
2181.880084399145,6.0,5.808224921535159,337529.4124180325
2345.667283323863,6.0,33.767956570393785,351867.81711846695
2896.788409906012,2.0,7.757002630412644,420998.40066974115
2473.9616402628726,4.0,45.195585821287146,349668.9977427721
2667.557738521027,5.0,18.79206469805359,395760.61689773854
2172.3198712016297,3.0,30.442294784940515,301107.53296414146
2192.289018808671,6.0,25.76370852401578,335051.75432721386
2040.868616266479,5.0,55.329694209112,304212.0134219966
2168.9350630721647,4.0,2.928631736036751,312494.36974815343
2278.5903390319586,3.0,12.080314278190063,343609.70148262574
2177.010484276747,3.0,26.151514566104606,320099.79614207713
2088.702533757056,6.0,5.412124367750364,318275.50633109856
2120.635871100601,2.0,44.24538776257688,326599.00559619255
2460.7787680327256,4.0,27.332719160726256,363118.4551498462
2206.3337184057928,6.0,14.232380074928313,329304.2173522135
2364.2698610480757,4.0,21.971449788957198,357648.5801892623
2503.4172708548567,2.0,11.912916067200179,361899.5559748202
2690.3948286293653,2.0,2.6700838492608883,405887.40203865274
2039.312139841099,6.0,13.361076892552314,292287.46680214745
2799.4103989090427,2.0,3.4241679291160794,425771.45466975856
2627.900389490908,5.0,14.95945230346668,390532.20536645816
2081.759031948872,3.0,18.97040645033529,298617.53964539844
2873.578624106777,6.0,36.72601944589377,426638.83820798516
2920.872400531813,4.0,2.705848392093529,433035.28971960035
2061.077959854864,5.0,25.839816423503635,320872.09730480413
2276.8776481472037,6.0,36.6862034916048,344665.28031968663
2806.201279793061,2.0,54.32293162543775,413097.105342071
2748.2596903836584,2.0,8.551562592528526,429086.16330732947
2184.521019356377,2.0,11.914165870766974,334400.4818946852
2209.3493233367103,2.0,38.42855048058817,329292.03132912755
2370.472102791382,4.0,9.407302210870675,340514.69262808317
2484.5229851910212,5.0,45.45250269234548,370046.0870646216
2618.2547715302962,3.0,11.978290589404446,391042.4336006499
2368.9136395697724,4.0,45.24562907860845,360584.7381223266
2462.534716133148,4.0,11.83624337207567,376007.85981773096
2747.4709381337566,3.0,66.41578904262799,422328.93534544966
2036.6832028905978,3.0,42.690657826315686,290818.52585999365
2252.436944344021,2.0,17.127763972255504,340564.4227824032
2713.3495858845527,4.0,57.10336510184925,407319.38058325625
2895.2068376871994,6.0,17.79833054712509,461894.7483311924
2511.677442115666,3.0,23.347870485951212,378248.9968228921
2532.113485265316,3.0,36.12336091509382,374824.1916326365
2107.172011339776,5.0,28.723483325420666,318291.1947678981
2447.4123668234547,6.0,34.76605699093867,368369.1538531387
2532.617266455023,6.0,22.152020793775478,360966.75752055657
2242.4705036347295,3.0,14.501673657605402,341038.67038911604
2269.243230949381,2.0,22.8224116183401,338065.5760841716
2377.2841631046226,5.0,32.4980180403096,357550.6528552975
2020.0711977777264,6.0,35.71917201784158,295646.5694882886
2322.079165583178,3.0,14.452960205360569,337956.32134151517
2211.448006996545,6.0,22.403033403134213,341478.1153923322
2327.4973521779148,5.0,35.10819255136806,361512.4151676565
2119.7621318192514,5.0,99.1867107877714,325370.9071508932
2890.527280739895,4.0,13.803298931399462,416085.2150733299
2593.592453554049,3.0,17.531672315951813,394545.4517951991
2679.1023191444897,5.0,5.67256589747566,384326.1593352309
2789.171238607338,4.0,16.566092086174336,412460.91220540326
2498.442198929057,4.0,22.770107291888948,384305.0175456877
2086.9202880874236,6.0,18.1112033680857,320457.36413120106
2537.1065418185476,6.0,9.731419529346203,385727.59750399727
2586.841118020879,4.0,16.487111254519288,401849.8075799653
2745.43947418433,6.0,8.65249229798659,417975.64737066836
2431.6595462296796,5.0,44.441882500941944,346141.99615907134
2127.580302795564,2.0,26.35619845619499,316332.42291045684
2283.7759057987246,5.0,15.178174857576964,342855.6465382254
2363.082296398635,4.0,13.126626162905787,353468.72597698873
2645.917241331601,4.0,35.27053283180532,391974.3504336704
2570.778304668912,5.0,4.107149134651207,375688.3988397404
2356.096725897846,6.0,53.92356137914321,379339.6654206444
2986.51524879298,6.0,41.603348990541846,445637.9395366054
2605.7748193568873,4.0,6.9230786512759535,414789.9357968159
2237.2267917359945,3.0,27.874972641410203,325157.36389208096
2101.782472620404,6.0,8.402409568029851,322390.04386769154
2152.859139184332,5.0,6.797638360927694,325679.2141923763
2245.9577283845083,6.0,4.325557668251604,328103.93071707315
2160.6813732595556,5.0,6.108568851908556,319859.8919562837
2186.567024051306,4.0,58.81298864682091,329798.14257349086
2285.095168693847,6.0,47.75221541860326,336055.67559497384
2173.373595294755,5.0,21.198661787751483,324330.5932074915
2896.765424626425,4.0,9.284121910375735,411344.31309736887
2080.2337456616424,3.0,45.63452327778252,320669.25745026727
2524.511389570255,5.0,34.89500772759527,392245.07540859404
2410.3968269896613,3.0,21.62852364402292,366902.01683275646
2982.3786169086065,3.0,23.0583278281719,470841.12365051394
2112.038902168052,2.0,48.26532242151755,325174.7572738523
2397.8555990457417,6.0,2.6710024882569745,371486.5663192846
2969.470433275369,5.0,48.82605396177479,459518.97493525967
2865.50712589398,3.0,72.48887924387752,404640.601695557
2817.07207094928,2.0,19.818274242584984,427492.0908571651
2257.90282704494,4.0,4.684142220151915,325196.5988201778
2170.8875873900656,5.0,32.16108214234604,315038.9360570722
2668.643219924431,3.0,5.965059559696684,390555.7020574364
2929.375989127586,6.0,26.916877802986992,437386.74670305377
2556.76289301393,2.0,25.4611753438685,390882.86881978245
2571.6126894699,3.0,27.820582392804507,391066.4191423362
2279.979093660284,6.0,28.387031188363565,343022.66115651745
2769.492933191937,3.0,15.339205281986004,423260.9505493097
2187.0437485575235,5.0,4.895707789353933,336288.2967332302
2323.6792364042435,5.0,33.79165794283514,354241.877091255
2425.4364386164166,5.0,22.6963013439275,347501.3069720325
2507.610378684455,2.0,18.5599248913759,369405.0266558423
2242.4097324150803,5.0,5.176582851541594,337030.03568723483
2114.8368247392036,6.0,10.431682795795476,325173.00302616524
2610.6200424416324,3.0,21.47822820034902,379101.55663501547
2288.6305532402557,4.0,73.50478330380412,345586.2745873997
2581.2382214226122,6.0,6.626005427198448,372028.26881231327
2154.3627152742024,6.0,14.13083456069646,334137.512185144
2481.1401018548177,5.0,36.26953597103548,375932.5741410009
2532.589432551586,2.0,7.580208298521965,366754.46077213413
2051.823536822427,3.0,36.56792518776325,295493.28290095396
2336.6042781939204,2.0,3.7397479069076613,354577.1528821379
2134.4146769389745,3.0,4.701431895955512,334201.2336433565
2063.374970472768,3.0,41.783577187031014,299941.8945120326
2989.9602323899453,2.0,30.257709179529257,457367.80722003843
2322.353844974723,6.0,49.37241600433921,344711.8720460603
2809.874445854635,3.0,55.45188962288147,431526.66459381056
2254.640654763764,2.0,42.82122975333064,346412.64421081764
2681.502722223929,3.0,4.799332515046373,404072.3867238651
2760.2278598896864,4.0,14.07455649403221,396312.5026154681
2595.6387406078443,6.0,17.750857409479135,396990.1933147022
2471.5761885501583,5.0,28.71281917264163,376868.0055676717
2411.8409141472684,3.0,32.95019700996847,367018.9405643344
2348.868266542995,4.0,13.491550939145588,354891.72714193346
2929.5291442478256,5.0,11.82036469463275,431246.11369469174
2830.619407787729,5.0,19.727098012311014,436264.35181871976
2965.026910666513,3.0,18.925561826232364,454453.20066293026
2124.2972234855447,2.0,9.750387097798157,308282.867367319
2730.867475203644,3.0,5.684469474827754,423093.6054699689
2938.340456821038,4.0,13.13051865421124,442661.67842913594
2181.23306616566,5.0,27.32353020076505,329546.03536232375
2066.4962673667774,3.0,16.818041889007212,308865.4279975
2741.120649290059,2.0,2.905558155358894,410575.3301723191
2574.4731131799117,3.0,23.99540250971457,400749.8209353759
2841.828776758272,6.0,19.463677691613086,437488.9766904744
2139.7723766262893,2.0,24.09084875040332,331907.05279284966
2795.2673118598905,4.0,35.03994635774288,422386.9386951697
2201.6273200477444,5.0,20.301631930191448,339994.8642004113
2163.6559428657047,3.0,9.034572571154756,316626.2978665847
2164.265797930993,2.0,19.879281752325426,331170.67792719934
2814.5747202313823,6.0,16.330209005601226,421441.2339851857
2665.1972206962,2.0,30.922857693431148,380209.21896114975
2523.065424769119,6.0,7.7110261386266785,363130.12791130703
2358.8304841235026,4.0,45.30179622532036,348753.83870439284
2877.200540813108,5.0,14.597259390070523,436419.53874715546
2392.4451074226354,4.0,13.889489777478145,352862.6529233799
2816.599439471577,3.0,48.68968531907176,418189.4391064616
2439.1349085702186,2.0,43.241508674979926,374900.0907645306
2376.9444294249074,6.0,13.500883504309208,351696.5697243685
2462.6797856696066,6.0,8.816815376632288,383274.5447320841
2301.377874164142,2.0,28.977249731641194,357827.2360147719
2747.609380176251,2.0,22.078177003756643,413122.5655422635
2502.720390092479,3.0,13.061151732162788,383484.50758242
2232.212695146817,4.0,42.28282519818249,342472.7935715319
2899.5745732745686,6.0,16.267004926563054,433267.54337938817
2383.8912213732115,3.0,9.562940584528993,366636.91805323906
2543.5528611139885,4.0,25.710507558040767,392593.2649477448
2906.472110964547,3.0,6.369511081098056,426787.54966921103
2624.237995913992,6.0,12.51899627822276,395846.7556586529
2116.898040708364,2.0,36.079575805296535,320142.13160617516
2939.8321236134752,2.0,20.37425292934405,450182.2408044087
2627.708053071418,4.0,21.64914250297612,390567.0987313086
2334.905614657086,5.0,12.118707967951252,344871.80010983715
2139.2720726633875,4.0,14.324337236369557,323210.5376197108
2794.025189270296,5.0,7.323174233240064,431387.0658500773
2620.0727559285133,3.0,22.826313139578318,381851.931629365
2533.4610919763218,3.0,7.251610753306595,370138.6505856762
2893.892583050958,6.0,6.9461566686925105,429387.22307799855
2788.597211224531,5.0,15.676485557560095,415584.10552959086
2151.6748797327514,6.0,34.93485596208979,306443.4496144003
2311.7220677955484,2.0,7.829189437091903,362075.1387215965
2248.489139814466,5.0,33.85299654854832,337235.89495513524
2743.946292572677,4.0,27.19318133078993,409806.6940840255
2033.5324347357794,2.0,2.7684445479904616,321439.2939271608
2569.8896848713166,2.0,20.0148807096726,393361.83410322573
2762.4586857406903,4.0,7.529349574663296,409440.46457501
2876.765636761749,2.0,17.881232730241468,433797.36094925116
2342.0817487159075,5.0,13.522273842257299,351550.55919888907
2821.2573046720127,6.0,54.56797853818221,439609.14362624014
2110.631736955207,2.0,26.450577127510794,315814.0358402704
2846.4522917345184,5.0,14.037545462576809,413218.374705473
2127.4886623319826,3.0,20.992447785568654,301130.8317153115
2397.287290560367,5.0,32.69539481582147,375575.5689025966
2797.295365779554,6.0,18.08034105047435,412550.56812082103
2149.917427348774,5.0,51.43871261201104,330982.89203700953
2229.2513952326417,4.0,18.644116512821338,335864.6670874314
2722.252568393066,6.0,23.286423665775416,405169.9300901507
2720.0365365460743,3.0,16.63724915402773,406056.1237865007
2641.1476328852973,4.0,10.429420019607896,412518.8063486782
2693.9484444670998,5.0,13.0065709943134,390251.8295134631
2542.724443347596,6.0,17.275001940659614,378362.36425279995
2251.7990589069527,3.0,37.860201059610006,348121.3224746682
2345.6959935039195,4.0,42.626731626710836,340501.7508899267
2181.5977168014256,3.0,55.42640213067157,342225.2776619098
2908.4505613336282,5.0,10.225562858488878,445746.84824333515
2583.3917947661203,3.0,30.2889027090214,391285.39314751205
2400.85141676364,2.0,39.30768543820352,356375.37403494946
2462.005803644133,4.0,8.714952673184,355646.6575749759
2947.2833396118153,3.0,19.4765301564172,449897.2557878055
2153.3514031160803,5.0,4.073749879985925,350861.37230865046
2586.2298320167974,5.0,27.90072504654223,390480.4219130844
2505.888678884466,3.0,42.24844593370498,359040.30110336206
2611.4542354346477,5.0,5.777512294823325,396716.62558530935
2018.1101838208406,6.0,10.985627104089803,311948.72610026074
2872.1239089441515,6.0,10.727846498274793,422261.8974176116
2932.1182824836123,6.0,8.328069962344834,433912.4652105183
2565.133183589209,2.0,19.569193401149814,377983.27105295286
2696.650823876892,3.0,26.241421587784785,400121.2275605304
2922.4993811772956,2.0,29.20105878821472,437629.30779746035
2707.2386343133985,5.0,34.17265346008427,398751.96366587724
2152.5390429142612,2.0,55.83420116410157,312297.50505854
2576.288360166813,5.0,19.25753002612229,389014.7337825558
2606.7150463828557,5.0,15.026015357812291,389881.4170195257
2424.130671302386,4.0,54.847191631108096,361102.598743123
2736.4442356247228,6.0,19.42150441247971,412181.1776432979
2934.367014769015,5.0,12.940207992248839,425591.5013995353
2925.568512906776,4.0,46.359112864249376,443058.0795519115
2450.839371404132,6.0,15.47696123622817,364233.332544811
2113.238045840755,5.0,28.851161128948448,320496.1363911095
2984.8411989623346,5.0,12.468358958538445,452346.721667296
2838.898086445934,2.0,27.531674136170473,438072.17597383703
2124.662681203267,2.0,29.481369340772712,320713.38743060234
2920.8418826173724,6.0,46.29714352458083,450482.38499888655
2869.8963620621284,5.0,15.305319812934062,427974.4824924064
2518.8380571260723,3.0,20.741236946999113,375856.1705436766
2591.2754357449294,2.0,24.752396206056776,388624.6055196844
2399.00270387013,6.0,18.979417748428105,368461.0371197545
2054.7616388220313,5.0,10.662702854859704,315093.7176791796
2335.197241645901,5.0,36.87592063470795,352986.58266454434
2802.8534485980117,3.0,20.080209706857257,408903.07016486226
2004.6320230046028,6.0,5.159965802352935,307280.1941824242
2333.499171691144,5.0,7.403952649241039,341882.9479853192
2398.1686935909433,2.0,14.679772185921523,351106.723266222
2537.395602937923,3.0,12.3198097152968,369744.08383277047
2919.8556164127604,6.0,6.2789413005427575,437635.02359291
2346.3459943659614,3.0,7.780603519529476,364452.560245187
2346.9532018962277,2.0,50.64287232442123,344008.66101036465
2737.5012481097483,6.0,35.81666309387079,428785.4466410192
2452.2179408898073,3.0,42.64712634102089,378360.20714823744
2224.604822939982,4.0,49.59593643528776,320732.5809015497
2452.4395161326934,2.0,14.621822883273886,364576.830284619
2140.8570203798,2.0,27.529761839563765,311651.94324224885
2176.3869865062234,2.0,2.7076199797379488,333288.8311526828
2498.3677727394797,4.0,26.31481207394205,365862.9767964361
2418.925449504548,4.0,10.12105587663786,347131.25433141954
2914.8459010681,5.0,12.635006882012785,434598.6775993045
2362.3938991166333,3.0,22.28141580262752,366871.46807853645
2580.5883502780434,5.0,18.028183604908584,385953.93581142824
2632.2642879195305,3.0,12.2202424178595,399340.6890940322
2013.0944565883337,4.0,12.702930983032271,306917.5673932114
2663.537372016711,4.0,8.690045450052928,384868.5512385975
2178.0359668697515,5.0,6.116406773825273,318145.1459621309
2961.0703174694554,6.0,5.809613409914474,444699.4778946917
2148.662727753113,5.0,31.29781512886061,317914.7937802789
2414.6241237270237,3.0,15.26595147507889,379846.1426072475
2085.349668078644,5.0,44.973277354886264,302118.42458163423
2996.8742518459476,2.0,28.9256508397402,441406.3062697559
2502.1950103312424,3.0,24.06925877580221,379106.7719077579
2595.3850173200435,3.0,7.499939800753043,383403.8174141962
2067.0764773884275,6.0,7.3655884827919165,281664.1132732458
2749.9604703991777,4.0,19.644894119588336,432630.2296776025
2209.9055930955856,3.0,18.680471195321743,321453.1992379326
2898.0542894407135,4.0,12.85076782608953,440902.5936777078
2205.139640482007,5.0,23.553259683976012,319193.63215057884
2190.6877206636664,2.0,22.13952408460792,320736.99475125823
2036.549667848095,6.0,19.39251356917657,290134.89555747714
2472.0669451099993,4.0,37.40188584802974,364720.16433931
2564.8411332626165,3.0,53.99414473153965,380053.17615685315
2065.7086394283524,4.0,18.229076002472762,309277.51142087806
2775.5276166950107,3.0,14.569158114132751,413190.5288239111
2453.2888347480275,4.0,56.09381575641007,355460.94141525816
2524.39026932758,3.0,20.6681330483277,374189.58610714757
2440.7627469382282,5.0,30.5419530889645,381750.77730115125
2400.763060875326,3.0,10.030839556889003,373849.28977212374
2559.640331308218,3.0,9.894027973514195,388949.74082458497
2155.2402459307127,2.0,14.661589155976436,330456.87703168794
2181.928130495271,3.0,20.25201702174598,348655.0080962965
2861.7856210135174,2.0,21.34479944629495,435720.66373130144
2946.1154621336327,6.0,13.398326387891013,449061.1677170571
2373.309316279753,2.0,24.619987385295353,341189.1668023864
2270.744673143554,5.0,23.26621735213769,330433.38187971583
2643.999543239016,2.0,47.7866046771382,397806.6264561545
2408.7341710980963,6.0,10.18307254235392,353841.19559024257
2025.3863556603449,5.0,29.47903445250042,294962.771512395
2156.1525973661905,4.0,17.969667190875345,315337.38913833234
2715.9722288473977,4.0,12.329484166120372,393730.01243028196
2658.9239419101514,2.0,7.27407701899998,391242.9687362722
2027.0959925034836,2.0,20.68979204129419,308179.44818487036
2221.9721619329493,6.0,14.605442850173052,351997.22684029443
2231.0747965880714,6.0,19.632381044120216,343520.0127466705
2671.8927435987284,3.0,6.576072776148322,407492.7485734881
2019.7105377543642,6.0,20.34613547627919,287631.63088345894
2104.108581984574,3.0,19.4422038753973,317542.5204641682
2799.916085373189,5.0,30.94671762214488,420496.2153016713
2178.5446620543335,2.0,45.35714596242561,331149.8246565346
2652.7461078518745,5.0,23.958190379030036,395273.7871943775
2238.1827810467266,6.0,11.686263706927706,352998.7724783635
2099.441392759345,5.0,20.753514270871687,316316.5695050062
2243.172190999454,5.0,15.498771187687696,338693.0253349175
2722.266931855659,5.0,23.512573577828576,389671.01473721524
2855.6964681062855,6.0,4.66265181517183,427727.5929509548
2830.2198645669914,5.0,36.08625535956352,437358.160846142
2397.183529618455,3.0,9.988877297881734,365582.95184311504
2668.0851365706462,6.0,9.63548232691673,379245.9255579733
2204.984295415821,5.0,18.67039930317012,327061.005560006
2293.1477302610133,6.0,15.451557736692386,362054.7009448828
2896.33581852112,4.0,23.53117580156264,433849.9008493997
2013.001923510736,3.0,19.940695367893138,305922.6692147585
2085.508530854468,5.0,32.440161359536205,330239.5773418293
2207.8862551460275,4.0,15.908317595440298,330314.0463842983
2026.5322038738198,4.0,20.49817012185054,312705.0742843075
2181.4354350897975,6.0,49.12931630389649,333103.15352417016
2583.041560969692,4.0,10.116148056722178,394211.20722225937
2421.424550592498,3.0,8.222930671155623,367402.5270773441
2892.671711076975,3.0,18.97863749315794,429143.8170011931
2817.4435617384406,2.0,4.750240833502114,418381.0659715445
2341.817351697876,3.0,8.715432760637219,343138.30393381725
2259.4234334312923,4.0,7.019894214412924,322927.0206524233
2379.692408167267,3.0,2.2126120817812174,369615.5386943099
2590.2949425148076,6.0,10.487279135640478,389259.68942010246
2268.063640822876,2.0,14.398007440198958,352683.0881718819
2624.148907849134,4.0,11.060310044370171,409807.8722245477
2409.4116521912406,2.0,6.6892380817518795,362246.5997802341
2552.04718085198,4.0,2.5564396195782146,369948.87899947807
2436.1265291353166,6.0,13.051483395311744,364148.64241363213
2294.4657595419176,2.0,14.46558702325117,337992.395474354
2948.4533069621566,5.0,4.514636336738772,422851.9305438758
2763.605794159761,4.0,12.867870472736294,410109.6161888575
2140.1131757664525,5.0,15.876395958551878,321027.8961230793
2868.4679758979128,2.0,20.427035893774413,424549.76350385364
2487.4311982495137,5.0,25.623931185245972,366417.9468034695
2894.5522268940913,5.0,30.851963178465283,422583.0347081381
2799.855255947315,2.0,9.972225673422656,422336.67664584273
2425.2135044692336,6.0,10.472424638214385,383088.8912416939
2022.4693083201173,5.0,7.305362332830768,316625.79599851405
2268.677359384946,5.0,15.528233709989502,347553.71979891125
2541.6342146608667,6.0,14.73702948268772,388741.3342729211
2633.4782198261473,5.0,2.0380802872229724,394006.4439399475
2257.8876854332025,5.0,5.5163320984390145,321053.5109850631
2139.356074072824,5.0,16.35104447091842,317949.6255504441
2834.930236799299,3.0,20.196490742709933,416302.65336885466
2984.4021807035524,6.0,7.419264647182827,449729.87253840157
2525.6901823026856,5.0,33.042410067349216,392426.9466868109
2171.6792858483036,6.0,36.50351984977965,346881.09437522356
2272.307326519369,4.0,11.251723558314872,342029.8609964601
2018.3906765474667,4.0,14.927717146567598,286734.8696247435
2914.298806560499,5.0,16.17391988785081,438506.79908233014
2117.7510828901413,6.0,21.45413487756511,319504.84810898197
2576.5164755142537,6.0,15.705843010367419,394037.0853227111
2274.055220687206,6.0,17.335534107403603,341736.3936222947
2554.178002515793,3.0,7.123417957100027,384155.5856556888
2651.420388351864,4.0,9.227324181737943,391869.27039936115
2829.7418037072016,6.0,16.161697636907356,422127.10165409866
2206.4212717606033,6.0,17.875763357260677,336931.78793296014
2010.9958286584804,3.0,47.11587500835887,283128.01338758785
2136.885630068807,3.0,23.55606248990174,318216.6407283799
2900.0186418481053,6.0,6.716429526929288,442383.2888429828
2873.890077562515,2.0,13.988310495070603,448010.45035928476
2597.4131021703083,6.0,13.321673843121877,386328.25109953753
2600.516860433653,6.0,15.025821419355866,402682.0015158665
2665.036674546255,3.0,19.564936649146702,417392.68773559213
2175.3712786234496,3.0,11.970832789549753,322960.99276657717
2914.4119459249596,6.0,38.74241418994254,433041.97898612404
2418.770524892073,6.0,6.166840953193202,361479.8392614875
2383.1385282494975,6.0,16.149521091262024,357435.7470195315
2518.9177052828377,3.0,52.491652679009945,390470.6320513512
2046.965966775055,6.0,10.595240267060056,299925.50042917405
2166.283368756079,6.0,10.748997629851031,340945.6296033621
2738.0336164263704,5.0,50.27419770634958,404455.69286788383
2082.7986679251267,2.0,22.47864268009979,300549.91027299635
2603.152109466388,4.0,16.67687764424813,396410.89486487245
2245.349109681321,2.0,16.54236536510133,349704.2417018432
2389.2956140419765,5.0,35.84008434495688,361506.0994467743
2288.6937367706996,4.0,11.25451684713567,348192.5400006817
2355.672716464949,6.0,5.922080449361293,373371.54226347635
2719.0459051842454,5.0,6.271837355323207,420741.56871364947
2297.121715623175,6.0,21.923356373251597,345835.2122124988
2566.404640296897,3.0,9.31729632521753,381078.7461024717
2476.0504021990996,5.0,19.586564781526004,383195.7459381246
2663.671165362648,3.0,6.929734778381142,408201.4059820075
2936.829739324758,5.0,24.465197462654665,445694.1836491942
2732.5720972102504,5.0,61.561093467123996,408712.5105256164
2214.9403785907566,3.0,21.046997390111187,332258.5703476485
2031.1831350612847,4.0,1.2233291412631544,303438.97448725003
2262.264044299825,2.0,39.367111799462236,337516.93216314464
2595.077930700255,6.0,10.140847513509438,383854.4336644838
2051.4258134842503,5.0,4.00622937008211,310736.045263223
2496.3662472012365,6.0,2.6963408372200406,368372.6743476087
2596.842848916889,3.0,66.08609831885143,393432.8019962436
2334.2438908169606,6.0,17.80809935762828,329972.09428108245
2770.912203745822,3.0,10.530823285532184,410104.01357443107
2106.598253133772,6.0,13.09642150126021,327665.92262204405
2075.137781735809,2.0,4.0701933612246,302488.48080656317
2728.1887562036036,2.0,19.817039306106306,415843.8442201552
2495.4913162061985,2.0,25.866452556542093,367026.85350729525
2688.4023964277358,2.0,7.064033628174336,411330.1370409377
2434.8273386037463,2.0,21.602418737863317,363001.0838807124
2246.402033239107,2.0,75.14630157271687,335948.2279893947
2819.1023176741996,3.0,28.142542356163677,424403.138707285
2799.415878968979,5.0,16.961043427882466,407236.9434769664
2694.6964708544265,6.0,6.164376843352243,414410.31012102915
2272.1451372299625,2.0,29.63695221344557,354845.2135660552
2590.230666869087,3.0,22.914255281178793,385771.71271884884
2360.973896940027,3.0,10.212478418487391,359844.5006025741
2091.582073326634,3.0,22.870393646731866,322362.52961051767
2917.3135754622426,5.0,6.269013149503464,437122.5311905052
2136.8186309189614,6.0,18.70652682425328,310301.51891539316
2950.2373538208026,5.0,14.045999975086929,459147.80439189146
2446.0057729579557,4.0,46.23348509279052,364562.65344718914
